Date,Time,Views,Caption,Hashtags
2023-08-12,15:38:13,4474,"Digital produets and Ai tools may seem hard at first but if you dig a little deeper, you can find an angle where they can help you.

#TikTokEditing #AIEditingTools
#RUnwayML #Midjournev #PhotoshopGenerativeTool
#techhacks #contentcreation #ai #aitools","#TikTokEditing, #AIEditingTools, #RUnwayML, #Midjournev, #PhotoshopGenerativeTool, #techhacks, #contentcreation, #ai, #aitools"
2023-11-08,15:12:44,305,"This FREE Ai tool is the ultimate solution for optimizing and repurposing your long-form content to all your platforms. With eklipse.gg, you can effortlessly transform your lengthy videos into viral clips and schedule them for automatic posting across all your platforms. This powerful tool provides features that other platforms charge for, and the best part is, itâ€™s completely free. @Eklipse.GG 

#AI #AiTools #eklipse #videomarketing #contentoptimization #aivideo #socialmediatools #freeAItool #viralcontent #techhack #videotips #repurpose","#AI, #AiTools, #eklipse, #videomarketing, #contentoptimization, #aivideo, #socialmediatools, #freeAItool, #viralcontent, #techhack, #videotips, #repurpose"
2023-11-02,14:58:42,1956,"Check out this amazing AI video creation platform I discovered! With just a simple upload, it transforms your video into a style of your choice through AI prompts. Itâ€™s incredibly easy to use, and the results are mind-blowing. Watch as I show you exactly how I did it.

#AIvideocreation #ArtisticVideos #AItransformation #VideoCollage #PexelsVideos #kaiber #aivideo #FreeVideoCreation #ai #aitools #contentcreation","#AIvideocreation, #ArtisticVideos, #AItransformation, #VideoCollage, #PexelsVideos, #kaiber, #aivideo, #FreeVideoCreation, #ai, #aitools, #contentcreation"
2023-10-31,15:20:09,11736,"You can generate FREE, realistic AI images every day without any restrictions or filters. This powerful AI platform offers a range of image generation tools including text2img, img2img, pose2img, and more. It surpasses Midjourney by providing incredibly detailed images with realistic skin textures and intricate details like fingers. In addition to images, [LensGo.ai] can also generate text. For example, you can create a dramatic billboard with the word â€œimagineâ€. It even offers Halloween-themed models that you can try for free Experience the power of It and create stunning, realistic AI images for your business needs.

@lensGo.ai 

#LensGoAI #AIimagegenerator #realisticimages #freedownload #Halloweenmodels #ai #aitools #aihack #freeaitools #contentcreating","#LensGoAI, #AIimagegenerator, #realisticimages, #freedownload, #Halloweenmodels, #ai, #aitools, #aihack, #freeaitools, #contentcreating"
2023-10-29,12:46:19,729,"Maximizing your youtube views! Create an analytically proven thumbnail for your YouTube videos using AI and tech! 

Discover the power of digital products and take your YouTube game to the next level. Check out thumbnailtest.com

#YouTubeThumbnails #MaximizeViews #ThumbnailTesting #DigitalProducts #chatGPT #CanvaPlugin #YouTubeGrowth #Ai #AItools #youtubeautomation #facelesschannel","#YouTubeThumbnails, #MaximizeViews, #ThumbnailTesting, #DigitalProducts, #chatGPT, #CanvaPlugin, #YouTubeGrowth, #Ai, #AItools, #youtubeautomation, #facelesschannel"
2023-10-24,15:37:31,1071,"I found a new AI tool thatâ€™s going to make video creation for faceless channels easier than ever. 

#aitools #aivideoediting #onlinetools #secretwebsites #ContentCreationHacks #VideoEditingMagic #AI #techtools #youtubeautomation #facelesschannel #aiautomation","#aitools, #aivideoediting, #onlinetools, #secretwebsites, #ContentCreationHacks, #VideoEditingMagic, #AI, #techtools, #youtubeautomation, #facelesschannel, #aiautomation"
2023-10-19,16:15:49,8127,"Tired of spending money on website design that no one sees? With Style AI, you can build your site in seconds, boost your SEO ranking, and create Google ad campaigns easy. It helps you generate leads and show off your work with just a few clicks. 

#AItools #websitedesign #SEOboost #googleads #leadgeneration #usestyleAI #success #ai #websitedesign #webdesign","#AItools, #websitedesign, #SEOboost, #googleads, #leadgeneration, #usestyleAI, #success, #ai, #websitedesign, #webdesign"
2023-10-17,16:24:28,17665,"You can easily create Android and Apple apps without having to pay for app store or Google Play subscriptions, and without a single line of code. 

In just three simple steps, you can start making money with Softr: 1ï¸âƒ£ Build a social media following âœ”ï¸ 2ï¸âƒ£ Create a digital product âœ”ï¸ 3ï¸âƒ£ Build a community app.

Whether you want to create a client portal app, an internal tool for your team, or a membership platform like mine, Softrâ€™s AI prompter will generate a super clean app with a login feature, product download option, and a paid subscription portal all in one place.

#SoftrAI #AppDevelopment #NoCode #AI #TechInnovation #DigitalProducts #MembershipPlatform #MakeMoneyWithAI #ai #aitools #techtools","#SoftrAI, #AppDevelopment, #NoCode, #AI, #TechInnovation, #DigitalProducts, #MembershipPlatform, #MakeMoneyWithAI, #ai, #aitools, #techtools"
2023-10-16,18:14:19,817,"Discover the 3 superpowers to hack attention and generate revenue with AI! The ultimate AI tool I use to write viral social media marketing content. I train the AI to talk like me, create winning ideas effortlessly, and repurpose them across multiple platforms in seconds.

#AIforMarketers #AITools #ViralContent #SocialMediaMarketing #BlazeAI #GrowthHacks #AIRevolution #ai #techhack #aihack #contentcreation","#AIforMarketers, #AITools, #ViralContent, #SocialMediaMarketing, #BlazeAI, #GrowthHacks, #AIRevolution, #ai, #techhack, #aihack, #contentcreation"
2023-10-11,15:42:01,570,"How to monetize your Al faceless channel with this viral voice from this Al tool.

#Alviralvoices #ai #aitool
#TikTokMonetization #contentmonetization 
#SocialMediaMarketing #digitalproducts #aivoicer #viralvoice #howtomonetize #makemoneyonline","#Alviralvoices, #ai, #aitool, #TikTokMonetization, #contentmonetization, #SocialMediaMarketing, #digitalproducts, #aivoicer, #viralvoice, #howtomonetize, #makemoneyonline"
2023-10-10,14:27:12,235,"Turn your images into ai comics with capcut.

#CapCut #capcutai #cccreator #VideoEditing #AIImageRelease #CreativeTools #TikTokVideo #VisualEffects #InnovativeEditing","#CapCut, #capcutai, #cccreator, #VideoEditing, #AIImageRelease, #CreativeTools, #TikTokVideo, #VisualEffects, #InnovativeEditing"
2023-10-07,10:08:07,143,"Anti scam Iphone feature:
Never answer a call that you donâ€™t know whoâ€™s from with this new iOS 17 feature.
Discover how to create a great image using the user-friendly template feature.
Learn how to take a good picture with your phone.
Say goodbye to surprises and never pick up an unannounced number again.
#iOS17 #Pixelcut #photographytips #OutgoingCalllmage #ContactPoster #Brandldentity #NeverMissACall #CallerID #ai #aitool #iphonetricks #antiscam","#iOS17, #Pixelcut, #photographytips, #OutgoingCalllmage, #ContactPoster, #Brandldentity, #NeverMissACall, #CallerID, #ai, #aitool, #iphonetricks, #antiscam"
2023-09-29,16:48:05,6674,"I found a new AI tool thatâ€™s going to make video creation for faceless channels easier than ever. 

#aitools #aivideoediting #onlinetools #secretwebsites #ContentCreationHacks #VideoEditingMagic #AI #techtools #youtubeautomation #facelesschannel #aiautomation","#aitools, #aivideoediting, #onlinetools, #secretwebsites, #ContentCreationHacks, #VideoEditingMagic, #AI, #techtools, #youtubeautomation, #facelesschannel, #aiautomation"
2023-09-26,16:32:35,427,"Double your views by translating your content to any language. Simple.

Go to rask.ai

#ContentCreation #VideoMarketing #DigitalMedia #OnlineBusiness #Entrepreneurship #Videomarketingtips #RaskAI #ai #aitools #LanguageTranslation #GrowYourAudience","#ContentCreation, #VideoMarketing, #DigitalMedia, #OnlineBusiness, #Entrepreneurship, #Videomarketingtips, #RaskAI, #ai, #aitools, #LanguageTranslation, #GrowYourAudience"
2023-09-25,15:24:47,311,"Creating viral-ready Reels has never been easier! With this AI video editor, you can turn your long-form videos into 10+ viral clips instantly. Simply upload your footage and let the AI do the rest! Cut down your editing time and post more frequently to increase your chances of going viral. Try Vizard.ai now!

#viralvideos #instaediting #Vizardai #videomarketing #AIediting #vizard #aitool #ai","#viralvideos, #instaediting, #Vizardai, #videomarketing, #AIediting, #vizard, #aitool, #ai"
2023-09-20,13:45:55,706,"ðŸŽ¬ Boost Your Content Game with Spike Studioâ€™s AI Clip Generator! ðŸ”¥

Create multiple short-form clips instantly with ease. Simply paste a long-form YouTube video link, record a live stream or improv session, and let Spike Studios handle the rest. Our AI technology processes 50 videos at once and can even handle 10 hours of footage in under 10 minutes! Say goodbye to tedious editing and hello to increased engagement and reach. Donâ€™t miss out on this ai tool!

#SpikesStudio #AIclipgenerator #contentmarketing #socialmedia #videoediting #productivityhacks #viralclips #YouTube #livestreaming #podcasting","#SpikesStudio, #AIclipgenerator, #contentmarketing, #socialmedia, #videoediting, #productivityhacks, #viralclips, #YouTube, #livestreaming, #podcasting"
2023-09-19,13:24:34,377,"This AI tool allows you to create
product photography like no other.
Removing boring backgrounds and replacing them with stunning alternatives.

Use the magic replace tool to generate anything you want with Al prompting and use the magic eraser to perfect every detail.

Save time and money with Pixelcut

#productphotography #ecommerce #pixelcut #batchediting #timesaving #ai #aitool #startups #aitools #aiediting #aiphotography","#productphotography, #ecommerce, #pixelcut, #batchediting, #timesaving, #ai, #aitool, #startups, #aitools, #aiediting, #aiphotography"
2023-09-17,07:47:33,426,"Disrupt the Music Industry with Al
Voice Clones!
Al technology is revolutionizing the game, and now you can get in on the action with Lalals.com. Create professional tracks using perfectly duplicated celebrity voices like Ariana Grande, Drake, and Ed Sheeran. Get ahead of the curve and start creating today.

#Lalals #Alvoices #MUsicRevolution #musicrevolution #youtubemusic
#Universalmusic #cel #aitools #ContentCreation
#OnlineBUsiness #ai #contentcreator #futureofmusic","#Lalals, #Alvoices, #MUsicRevolution, #musicrevolution, #youtubemusic, #Universalmusic, #cel, #aitools, #ContentCreation, #OnlineBUsiness, #ai, #contentcreator, #futureofmusic"
2023-09-16,04:57:39,562,"Save and repurpose your horizontal
shots for social media vertical with this simple Al hack. 

And vice versa

To save the final product, go to Edit > export as > render video

#socialmedia #contentcreation #ai #generativeai #aitools #techtools #photoshoptips #repurpose","#socialmedia, #contentcreation, #ai, #generativeai, #aitools, #techtools, #photoshoptips, #repurpose"
2023-09-12,15:44:30,282,"Translating your voice into multiple languages can Increase your viewership and reach a global audience. Some of you have already seen the benefits.

#ContentCreation #VideoMarketing #DigitalMedia #OnlineBusiness #Entrepreneurship #Videomarketingtips #ai #aitools #LanguageTranslation #GrowYourAudience","#ContentCreation, #VideoMarketing, #DigitalMedia, #OnlineBusiness, #Entrepreneurship, #Videomarketingtips, #ai, #aitools, #LanguageTranslation, #GrowYourAudience"
2023-09-10,14:25:58,6468,"Discover the power of VEED.IO, the Al tool that revolutionizes video editing. Save 50% of your editing time and create engaging content effortlessly. From magic cut tools to custom subtitles and animated titles, Veed.io has everything you need to enhance your videos. 

@veedstudio 
#contentcreation #Altools #Veedio #productivityhacks #videomarketing #contentcreator #videoediting #ai #veedio #tiktokgrowthtips #tiktokgrowthhacks","#contentcreation, #Altools, #Veedio, #productivityhacks, #videomarketing, #contentcreator, #videoediting, #ai, #veedio, #tiktokgrowthtips, #tiktokgrowthhacks"
2023-09-06,16:43:16,555,"Check out this amazing AI tools called lumalabs and kaiber. In this, I demonstrate how to use lumalabs, kaiber with warpfusion to create stunning fake drone shot movements and stylize your videos. You can easily scan any object with your phone and follow a few simple steps to generate incredible camera movements using keyframes. Best of all, lumalabs is completely free to use! Bring your videos to life with this powerful AI tool.

#AITools #aivideoEditing #ai #VideoEditingAI #warpfusion #lumalabs #kaiber #tiktoktutorials  #videoediting #droneshots #drone #productvideo","#AITools, #aivideoEditing, #ai, #VideoEditingAI, #warpfusion, #lumalabs, #kaiber, #tiktoktutorials, #videoediting, #droneshots, #drone, #productvideo"
2023-09-03,08:19:54,10830,"This free Al tool that combines the features of both Photoshop and Midjourney. With it, you can generate images from a prompt or upload your own image and combine them together. It allows you to expand and generate new elements, remove parts with the magic eraser, and add elements by painting an area and prompting it into existence. 

You can even share your board with others and comment anywhere on the image, making it perfect for remote collaboration. 

Say goodbye to Photoshop and Midjourney, and say hello to Playgroundai.com

#PlaygroundAl #Altools #PhotoshopAlternative #MidjourneyAlternative #AllmageEditing #CollaborativeEditing #RemoteCollaboration #generativefill #ai #imagegenerator","#PlaygroundAl, #Altools, #PhotoshopAlternative, #MidjourneyAlternative, #AllmageEditing, #CollaborativeEditing, #RemoteCollaboration, #generativefill, #ai, #imagegenerator"
2023-09-02,07:07:14,583,"3 ways to sell websites as a sidehustle with this Al Tool.

#Alhacks #websitedesign #sidehustle #TechHacks
#Artificialintelligence #AI #Freelancertools #techtools #aitools #startuphacks","#Alhacks, #websitedesign, #sidehustle, #TechHacks, #Artificialintelligence, #AI, #Freelancertools, #techtools, #aitools, #startuphacks"
2023-09-01,07:44:26,359,"Want to boost engagement? Learn five effective strategies to encourage viewers to comment on your videos! From asking thought-provoking questions to playing with typos and mistakes, these tactics will help increase interaction with your audience and improve visibility on the platform.

#igengagement #CommentChallenge
#BoostInteraction #AskAndAnswer
#CommunityBuildingore #growthstrategy #startups #growthhacks #BusinessGrowth","#igengagement, #CommentChallenge, #BoostInteraction, #AskAndAnswer, #CommunityBuildingore, #growthstrategy, #startups, #growthhacks, #BusinessGrowth"
2023-08-31,15:37:05,689,"Are you ready to level up your creative game? AI editing tools can revolutionize your digital design skills and help you land your dream job. With just a few clicks AI is making complex executions accessible to everyone. Discover WD, the platform that brings AI CGI editing to the palm of your hand. Donâ€™t let AI take your job; use it to supercharge your business and unlock endless possibilities. Get ready to introduce AI into your life and start making money with it!

#AIediting #DigitalDesignRevolution #CreativePotential #WonderDynamics #UnlockYourFuture","#AIediting, #DigitalDesignRevolution, #CreativePotential, #WonderDynamics, #UnlockYourFuture"
2023-08-30,08:09:31,23934,"From the iconic vocals to the funky bassline, this innovative tool allows you to isolate each element of any song.

Whether you want to create a unique cover version or edit a video without vocal distraction, this cutting-edge software makes it possible. Try out now at vocalremover.org - itâ€™s free!

#AISeparation #MichaelJackson
#VocalRemover
#InstrumentTrackSeparation
#MusicProduction #SongCreation
#AudioEngineering #aitools #ai #videoediting #techtips #coversong","#AISeparation, #MichaelJackson, #VocalRemover, #InstrumentTrackSeparation, #MusicProduction, #SongCreation, #AudioEngineering, #aitools, #ai, #videoediting, #techtips, #coversong"
2023-08-29,14:54:55,374,"A portfolio is a large part of a designersâ€™ success. With these Al tools and tech tips you can build a strong portfolio fast, start landing jobs and monetise your skills.

Donâ€™t wait for paid projects to build your portfolio, itâ€™s a never ending circle. Sometimes you gotta take action, and today, Al can help you move forward, fast!

#DigitalDesign #AIEditingTools 
#PortfolioBuilding
#FreelanceDesigner #CreativeCareer #techhacks #contentcreation #ai #techtools #aitools #startups","#DigitalDesign, #AIEditingTools, #PortfolioBuilding, #FreelanceDesigner, #CreativeCareer, #techhacks, #contentcreation, #ai, #techtools, #aitools, #startups"
2023-08-28,15:42:42,364,"Follow these 4 steps to set your faceless AI automated channel on fire and stand out from the crowd!

1. Use Eleven Labs to create a realistic voice for your videos. 
2. Get a custom avatar from Heygen that will make your videos look professional. 
3. Use Wonder Dynamics, Runway, or Kaiber to add accents or create a channel character. 
4. Use Envato Elements to add cool effects, music, text overlays, and transitions.

Donâ€™t settle for the minimum effort. Set your content apart and watch your views skyrocket!

#StandOutFromTheCrowd #UniqueContent #ContentCreationHacks #VideoEditingMagic #AI #techtools #aitools #BusinessGrowth #VideoTips #youtubeautomation #facelesschannel #CGI #pushyourcreativity","#StandOutFromTheCrowd, #UniqueContent, #ContentCreationHacks, #VideoEditingMagic, #AI, #techtools, #aitools, #BusinessGrowth, #VideoTips, #youtubeautomation, #facelesschannel, #CGI, #pushyourcreativity"
2023-08-27,06:57:10,175,"Al tools are making video editing, CGI and animation so much easier.

Canâ€™t wait to see whatâ€™s next.
On the meantime, give me a follow and stay on top of the latest Al creative tools.

#Alediting #Creative Potential #ai #contentcreation #aitools #aivideoediting #RUnwayML","#Alediting, #Creative, #ai, #contentcreation, #aitools, #aivideoediting, #RUnwayML"
2023-08-23,10:29:53,402,"Are you tired of overpriced and underwhelming web designs? Look no further than these Top 5 AI Website Generators! From Carrdâ€™s sleek one-pagers to Jimdoâ€™s chatbot wizardry, weâ€™ve got you covered. Discover the perfect match for your brand today!

#AIWebsiteGenerators #AffordableDesign #ModernStyle #ChatbotWizardry #OnePageWebsites #EasyCustomization #OnlineStoreIntegration","#AIWebsiteGenerators, #AffordableDesign, #ModernStyle, #ChatbotWizardry, #OnePageWebsites, #EasyCustomization, #OnlineStoreIntegration"
2023-08-22,05:53:49,147,"Spining mask tutorial 

#ai #aitools #tutorial #howto #photoshop #generativefill #aihack #techhack #spiningeffect #generativetool","#ai, #aitools, #tutorial, #howto, #photoshop, #generativefill, #aihack, #techhack, #spiningeffect, #generativetool"
2023-08-22,05:34:46,20444,#sidehustle #websitedesign #techhack #aitools #ai,"#sidehustle, #websitedesign, #techhack, #aitools, #ai"
2023-08-21,16:54:09,135,"The secrets behind creating full AI-generated movies. No special skills required - weâ€™ll be using AI tools and prompts to bring your vision to life. Share with friends and hit that like button! 

#AIFilmmaking #GenerativeArt #VideoCreation #Innovation #AIGraphics #aitools #runway #kaiber #aivideo #TechHacks #contentcreation #aihack","#AIFilmmaking, #GenerativeArt, #VideoCreation, #Innovation, #AIGraphics, #aitools, #runway, #kaiber, #aivideo, #TechHacks, #contentcreation, #aihack"
2023-08-19,07:29:37,184,"One click Professional sound. AI tool

#adobepodcast #professionalsound #soundquality #soundediting #contentcreation #ai #aitools #techtools #freetools #sound #digitalproducts","#adobepodcast, #professionalsound, #soundquality, #soundediting, #contentcreation, #ai, #aitools, #techtools, #freetools, #sound, #digitalproducts"
2023-08-15,18:12:29,126,"Donâ€™t spend thousands of dollars on a logo. Follow this process instead! 

#aitools #ai #techtools #ailogo","#aitools, #ai, #techtools, #ailogo"
2023-08-13,17:35:16,152,"Watch how Al can help you create an amazing website in a few simple steps!
No design experience required.
Discover how to get a brand style, a sleek logo, a stunning website, compelling copywriting, and captivating visuals with the help of:
Midjourney, Durable, ChatGPT, Canva and Remove.bg
At Nomada&Toast, we offer a free trial for all our professional and
scalable branding solutions. Donâ€™tREATE
miss out on the chance to transform your business today!
ERS.
#AIWebDesign
#EasyWebsiteCreation #BrandStyle
#LogoDesign #WebsiteBuilder
#Copywriting #Visuals","#AIWebDesign, #EasyWebsiteCreation, #BrandStyle, #LogoDesign, #WebsiteBuilder, #Copywriting, #Visuals"
